Customer,F,M,R
A0350,25,51238.1144,9
A0351,6,17890.312,16
A0352,14,46424.03852,14
A0353,14,27607.68636,24
A0354,6,9973.92064,31
A0355,8,20105.90008,29
A0356,10,15733.79076,85
A0357,20,58583.1032,24
A0363,4,8215.5405,8
A0365,5,13192.476,92
A0367,1,20747.488,281
A0368,6,9982.311880000001,102
A0369,16,24467.37358,18
A0370,2,1600.085,11
A0371,17,39879.94032,4
A0372,7,53497.2525,4
A0373,3,15233.7896,88
A0375,28,91490.08616,28
A0376,2,1045.0,134
A0377,31,90803.77656,15
A0379,5,7788.1093,200
A0380,26,44892.25766,23
A0382,20,39290.6542,49
A0383,5,8219.31008,44
A0385,16,21365.704,11
A0387,25,48119.942200000005,16
A0388,2,1366.024,36
A0389,6,11963.6628,63
A0390,3,12935.6748,43
A0393,8,22344.3324,37
A0395,5,19162.8396,14
A0399,18,46777.913720000004,16
A0401,3,1354.4388,247
A0403,18,37633.505040000004,29
A0404,7,11972.315999999999,78
A0406,3,2138.9973999999997,24
A0407,7,17412.53008,46
A0408,27,84215.81636,16
A0409,5,43988.01264,36
A0410,3,23273.36,100
A0411,14,33055.8136,30
A0412,25,103467.83966,71
A0414,19,50802.3474,10
A0415,19,54608.59534,4
A0417,1,1182.72,331
A0418,4,1688.0094,43
A0419,18,33211.20156,28
A0420,4,6624.112,64
A0421,7,10615.4094,38
A0422,29,38852.14154,8
A0423,4,17705.64768,101
A0424,7,22291.5641,155
A0426,10,15457.50488,3
A0427,20,53668.96852,10
A0428,30,68214.84626,9
A0429,24,56170.27036,16
A0431,20,42921.03694,0
A0432,8,20877.8636,141
A0433,3,5226.46208,16
A0434,4,9433.902,275
A0435,5,9168.87488,31
A0436,15,20892.34086,17
A0438,21,52471.00508,7
A0442,3,3781.8,92
A0443,5,14467.0144,24
A0444,14,66391.1241,10
A0445,22,69718.16796,28
A0446,7,8024.2118,11
A0450,7,29682.678079999998,46
A0452,17,51035.60072,3
A0453,6,19213.7616,133
A0454,7,12743.98748,73
A0455,2,2772.0078,105
A0456,7,15127.86256,25
A0457,18,31211.8092,70
A0458,19,25885.64418,23
A0459,15,30868.958,31
A0461,5,12071.3444,150
A0462,16,94588.98832,11
A0463,19,42524.261119999996,14
A0464,26,55737.95916,16
A0466,10,14818.6566,18
A0467,8,16875.1588,2
A0470,24,50930.23436,10
A0471,13,30434.05088,3
A0472,24,38678.19816,39
A0473,15,34747.6274,10
A0474,7,55410.72,42
A0477,1,3565.056,21
A0478,7,9368.4158,9
A0480,27,42586.78934,22
A0481,5,10283.23096,9
A0482,4,10019.87808,31
A0484,2,7134.4416,101
A0486,3,3396.624,65
A0487,6,7832.148639999999,11
A0493,24,57110.203,8
A0494,10,28727.84208,64
A0495,26,42881.5884,9
A0496,20,41919.68018,29
A0497,21,51243.36924,14
A0498,4,12519.6456,98
A0499,6,5694.343,36
A0500,6,17687.75496,15
A0502,11,21722.25292,18
A0503,15,27690.08864,7
A0504,16,41540.22568,35
A0505,14,33625.77328,9
A0506,20,27370.72904,16
A0507,7,19309.056,105
A0510,5,25498.20416,52
A0511,4,3579.1254,80
A0512,21,47105.83968,16
A0513,22,70536.3922,16
A0514,16,51271.95136,25
A0515,20,42637.890400000004,3
A0516,7,14034.8976,2
A0517,10,47434.30128,36
A0519,22,42422.7064,22
A0520,3,4263.2128,77
A0522,14,45104.94008,7
A0523,4,6731.2784,28
A0525,4,22838.0864,10
A0528,17,46616.37692,8
A0529,29,93357.25092,9
A0530,17,31043.235,7
A0531,31,76942.71316,3
A0534,23,50206.8252,73
A0536,5,23439.78288,65
A0539,4,10274.2788,21
A0541,5,12945.298999999999,23
A0542,19,47053.24054,66
A0544,7,13032.646,51
A0545,9,14896.1194,10
A0546,5,12146.319,164
A0547,17,76588.84698,8
A0548,22,88428.33828,18
A0550,8,10693.54088,133
A0552,16,33275.403040000005,9
A0554,3,13128.7398,7
A0556,4,4126.496,37
A0557,26,43957.92852,18
A0559,23,50929.96704,17
A0560,3,2777.3256,157
A0561,7,17181.94708,3
A0562,1,3142.825,367
A0565,6,41481.625,52
A0566,9,19442.22684,94
A0567,9,21824.5488,11
A0569,8,7703.5545,9
A0571,4,7925.00508,39
A0574,31,63133.32704,15
A0575,4,5961.139999999999,74
A0576,21,47727.034960000005,52
A0578,24,54593.79472,11
A0579,3,5537.8576,51
A0581,5,3838.027,10
A0582,25,58630.03014,2
A0583,19,51466.5178,8
A0584,3,6360.9216,67
A0585,2,17040.45,17
A0586,9,11060.0008,91
A0587,22,35450.40128,10
A0589,12,30520.130640000003,115
A0592,7,14503.912199999999,21
A0593,19,42394.38672,11
A0597,4,8548.198,46
A0601,11,22221.643200000002,80
A0602,5,7300.78888,113
A0603,17,37971.460100000004,4
A0605,4,12800.11016,98
A0607,27,59831.2574,11
A0609,4,4933.3284,248
A0610,27,89642.5049,3
A0611,9,20294.608,9
A0615,11,39951.26736,7
A0616,30,75300.39862,11
A0618,2,4794.24,51
A0620,3,2950.3320000000003,262
A0624,3,5199.15,32
A0625,8,11095.5064,7
A0626,5,16648.12296,189
A0627,21,55727.3165,4
A0629,28,74925.30036000001,17
A0630,25,60678.71478,9
A0632,33,108218.955,0
A0633,21,54357.8831,11
A0635,5,11961.17712,43
A0636,2,3805.0086,15
A0637,5,7045.98896,58
A0640,11,22824.160320000003,87
A0641,22,105607.04174,4
A0642,8,14677.394,37
A0643,23,42985.02886,14
A0647,3,3428.9728,149
A0648,7,16181.58292,22
A0649,2,1677.016,158
A0654,6,20576.2144,150
A0655,25,52836.00978,4
A0657,15,22579.60852,9
A0659,17,15176.4289,14
A0660,22,65717.35262,35
A0661,4,4359.8258,18
A0662,2,4123.768,86
A0665,22,43550.06656,49
A0666,3,11385.598399999999,193
A0667,3,4163.07264,57
A0670,23,46959.892,14
A0671,3,4415.15712,35
A0672,2,2832.8608000000004,122
A0673,29,61452.74552,15
A0678,10,15799.8106,23
A0679,21,47252.97252,1
A0681,21,41843.36562,9
A0682,2,2102.034,51
A0683,5,6796.05388,7
A0684,18,50681.35952,23
A0686,26,43363.0438,16
A0688,10,38630.527780000004,16
A0690,19,41335.451740000004,37
A0693,26,76988.27666,8
A0694,8,21215.587359999998,7
A0695,17,62673.45536,4
A0696,15,46249.58628,53
A0697,6,12823.63824,17
A0701,23,50037.39528,9
A0702,7,18571.47764,21
A0703,19,48763.78456,59
A0704,16,27979.952999999998,8
A0705,6,20229.616,112
A0706,8,26562.8992,22
A0707,13,39029.94814,3
A0708,30,87497.89356,42
A0709,9,14925.05864,14
A0710,6,12195.5,17
A0713,6,35481.9203,9
A0715,6,4420.9,45
A0716,25,52974.0406,37
A0718,9,23999.30448,8
A0720,27,92360.8116,25
A0721,2,7743.4302,53
A0722,4,5943.608,137
A0724,20,65380.778119999995,35
A0725,9,43259.45348,7
A0726,7,11458.1258,24
A0727,3,10745.52808,32
A0728,3,8277.1608,154
A0730,1,19288.368,203
A0731,20,89636.23352000001,25
A0732,5,12749.987120000002,63
A0736,2,4890.1776,226
A0737,8,14365.0892,144
A0738,21,35175.2063,2
A0739,6,11881.4784,102
A0740,2,5500.133760000001,177
A0741,10,27572.641600000003,4
A0742,20,74867.5855,11
A0743,28,59606.427039999995,24
A0744,25,45165.38784,9
A0745,23,52042.53812,35
A0746,7,5382.444600000001,23
A0747,24,53322.91824,3
A0749,16,31065.125079999998,8
A0753,6,12335.0705,14
A0754,21,76203.0003,22
A0756,4,12812.75832,16
A0757,3,11150.028,22
A0758,3,17142.75,10
A0760,22,56559.01008,4
A0761,28,79820.90654,38
A0762,14,25119.3865,18
A0763,23,67630.12352,0
A0764,25,73451.62556,18
A0765,7,20201.36412,38
A0767,4,14993.6204,98
A0769,5,23654.14154,53
A0770,1,2787.84,140
A0771,20,57297.02332,21
A0772,2,3044.91,52
A0773,16,54055.6225,3
A0774,11,61376.75888,3
A0776,4,6388.1456,84
A0777,5,6345.826720000001,70
A0778,9,23540.29664,79
A0781,29,62839.25816,2
A0782,3,5313.3984,105
A0783,5,8120.0016,106
A0785,16,34041.4772,2
A0786,9,15628.4436,16
A0789,6,15697.64464,9
A0790,5,11238.48,37
A0791,6,16418.628,28
A0792,17,39605.81658,15
A0795,23,44652.56108,7
A0796,19,44784.4917,59
A0797,3,5752.398080000001,38
A0798,23,55839.7272,23
A0799,21,57199.47676,16
A0800,22,64388.18152,29
A0801,20,49295.38332,17
A0802,25,72820.62104,15
A0803,4,2921.8805,162
A0806,3,2470.952,255
A0807,5,6798.16088,115
A0808,29,113650.21052,56
A0809,1,1461.4776,17
A0810,6,12248.28544,23
A0811,22,51571.11,17
A0813,3,2715.68,102
A0815,30,52427.30826,4
A0816,20,47189.62872,16
A0817,3,6141.84,87
A0819,22,66311.35628,17
A0821,19,32336.90982,11
A0822,6,15109.66,52
A0823,1,6209.9136,226
A0824,28,90622.36652,46
A0826,21,45496.89026,4
A0827,4,17201.6413,87
A0828,5,10866.10032,147
A0830,26,68471.80608,0
A0833,7,9011.1,14
A0834,4,8818.75696,18
A0835,23,42311.12948,17
A0836,13,18338.80404,7
A0837,9,19179.94824,31
A0838,4,6476.40296,23
A0839,4,9034.4208,79
A0841,4,4679.615,4
A0842,19,46835.24978,30
A0843,5,25147.952879999997,100
A0845,24,85556.66646000001,44
A0846,15,43733.55208,58
A0847,5,9291.2117,11
A0850,4,8709.39296,78
A0852,27,53513.904500000004,4
A0853,25,60933.9325,7
A0854,3,10639.9656,102
A0856,5,5654.6566,63
A0859,3,2643.303,211
A0861,20,48752.28028,17
A0862,20,77191.7424,7
A0863,8,19887.683,38
A0864,10,29285.7,1
A0865,4,4760.3158,99
A0867,7,27575.47264,38
A0869,22,45417.16108,16
A0870,6,12287.9966,63
A0871,7,19255.92104,11
A0873,7,32280.755000000005,14
A0875,4,8887.489599999999,46
A0877,9,30152.945160000003,44
A0878,24,40089.3595,3
A0879,26,59253.27964,2
A0880,27,76911.48052,14
A0881,29,93480.83382,25
A0883,13,28390.1732,24
A0884,20,56969.529760000005,10
A0886,5,7494.8216,121
A0887,29,88768.23284,16
A0890,23,71830.98814,10
A0891,6,18229.79,31
A0892,28,72432.87134,14
A0893,24,49825.0053,42
A0894,1,1182.72,7
A0895,5,14064.568,92
A0897,25,52806.06022,11
A0899,1,2524.7376,214
A0900,4,21774.34,98
A0901,5,21216.41468,7
A0903,18,31518.3026,11
A0904,2,1015.1687999999999,44
A0905,19,30064.15038,17
A0906,15,24875.15884,14
A0907,16,60026.62536,31
A0910,3,4474.366,50
A0913,5,6626.532,212
A0914,5,11250.954,36
A0915,5,4867.984,155
A0916,16,49488.317240000004,21
A0917,2,2132.3720000000003,3
A0918,10,17324.90424,109
A0919,19,41633.6086,25
A0920,5,12517.4016,3
A0921,5,7384.5728,11
A0922,17,36912.064080000004,2
A0923,8,15771.436000000002,49
A0925,5,12842.23776,154
A0927,25,105417.13242000001,3
A0928,8,38336.526,42
A0929,7,20141.33904,98
A0930,24,65266.72756,18
A0931,12,27023.15066,9
A0932,8,23193.258,22
A0933,21,49640.0871,7
A0934,26,99067.25374,17
A0935,4,5347.96154,35
A0937,18,42053.32092,11
A0938,3,2558.6,88
A0940,7,35003.517680000004,63
A0941,6,10781.929,38
A0942,26,86139.02036,21
A0943,29,70250.6629,35
A0944,20,35600.067,16
A0945,39,134834.46316,4
A0946,14,37679.432,37
A0947,6,8591.133,22
A0949,24,53114.22696,11
A0950,1,744.876,137
A0951,7,15346.3758,94
A0952,33,74417.23832,0
A0953,22,74846.93156,22
A0954,5,6196.64048,99
A0955,18,45877.11408,36
A0959,4,5023.88406,25
A0961,22,37208.33882,9
A0962,6,10299.056,11
A0963,28,81864.7884,15
A0964,5,14013.373760000002,72
A0965,22,74474.1676,17
A0967,9,26512.74168,56
A0970,7,41785.6628,7
A0972,15,39342.27844,73
A0973,1,2488.648,291
A0975,8,17426.4076,25
A0977,25,71324.95348,10
A0978,13,32831.5146,3
A0981,2,3186.4975999999997,67
A0982,26,84430.81888,0
A0983,2,4446.9744,44
A0986,3,13127.2768,93
A0987,28,76546.67326,8
A0988,17,69275.82128,22
A0989,4,6258.916,171
A0990,37,66780.0444,7
A0991,3,1501.2849999999999,79
A0992,17,50483.76288,64
A0993,22,37558.39826,17
A0994,25,47495.51342,10
A0995,3,6340.600640000001,25
A0996,6,10068.23704,50
A0997,21,38768.347,8
A0998,5,6209.3668,14
A1000,5,12014.8626,7
A1001,3,14821.3168,63
A1002,24,56374.96976,21
A1003,20,53747.528,43
A1004,3,10350.64,162
A1007,15,40701.60416,4
A1009,20,39811.43736,11
A1011,4,5921.8896,39
A1013,4,4502.432,157
A1014,19,30779.97304,31
A1015,6,13957.616,11
A1017,3,1898.71,168
A1018,9,20642.83856,4
A1020,25,47448.59708,16
A1022,2,5204.43,31
A1027,18,68940.61356,10
A1029,17,39520.14096,50
A1030,20,70372.00972,4
A1031,5,20463.352,134
A1032,2,1979.7359999999999,213
A1034,4,12598.56112,93
A1035,15,23067.58912,31
A1036,24,55814.31774,0
A1037,4,6943.092640000001,43
A1038,8,13699.5072,7
A1039,7,10001.11144,9
A1044,1,1461.4776,346
A1046,3,4823.848,228
A1047,9,45849.85788,11
A1049,4,12349.75456,14
A1050,18,89339.44002000001,29
A1054,20,50126.7032,11
A1055,21,48644.35454,11
A1056,19,50691.76968,45
A1057,25,40899.3358,0
A1058,17,56207.663140000004,18
A1059,5,16603.136,64
A1060,4,7440.616,191
A1062,29,110455.19378,3
A1063,6,6043.928,53
A1064,23,63143.46234,9
A1065,24,40827.3381,4
A1067,26,33561.2196,3
A1068,21,43138.98766,7
A1069,7,16783.74368,86
A1071,4,5067.09,57
A1072,12,51515.6101,21
A1073,9,20545.38524,99
A1076,24,48528.556619999996,3
A1077,4,11387.6752,71
A1078,5,46534.51096,74
A1079,16,30465.6596,2
A1083,3,2509.21,43
A1085,14,24100.55448,3
A1088,3,6699.952,170
A1089,24,65363.5408,10
A1090,3,10643.921600000001,212
A1091,4,5352.512000000001,66
A1092,37,59468.31734,11
A1093,5,19515.90584,23
A1094,5,25664.432960000002,30
A1095,22,55193.680479999995,15
A1098,4,13354.670080000002,65
A1100,30,62240.77444,0
A1101,28,83954.00844,21
A1102,6,8367.73062,35
A1103,22,42484.28792,4
A1104,7,12884.184000000001,57
A1106,4,4403.3554,37
A1108,8,12522.2724,58
A1110,21,59946.08314,1
A1112,2,2161.247,147
A1113,6,7025.036959999999,70
A1114,7,17811.23104,8
A1115,5,13012.617,72
A1116,21,64443.70768,11
A1118,12,32025.22992,43
A1119,5,6597.84,22
A1120,31,104101.32268,8
A1123,8,16410.2758,73
A1124,18,37371.5664,29
A1125,7,14592.11136,142
A1127,2,3526.1027999999997,283
A1128,4,5844.18,140
A1129,22,48119.4524,9
A1130,32,119277.9062,21
A1131,4,8711.937600000001,144
A1132,6,7543.937000000001,102
A1133,23,50440.59896,49
A1134,3,12911.3984,162
A1135,19,65081.05584,37
A1136,5,10008.14176,65
A1137,20,60167.90438,15
A1138,9,23181.290399999998,30
A1139,16,42309.7876,24
A1142,32,68285.95782,8
A1144,15,46139.00468,7
A1146,19,40739.455760000004,24
A1147,7,9678.266,99
A1149,9,13089.6001,28
A1150,7,20873.15392,58
A1151,6,46388.11496,29
A1152,8,60797.549600000006,36
A1153,29,52291.015100000004,16
A1159,16,48327.70536,9
A1160,5,6702.08,37
A1161,28,68648.84674,10
A1162,22,50322.84442,24
A1163,28,84025.2644,53
A1164,32,69985.8434,11
A1165,5,10733.932,38
A1167,19,33406.6208,51
A1168,6,10447.4212,39
A1169,20,43659.66884,18
A1170,4,11728.42304,4
A1171,2,4832.229600000001,197
A1172,6,26720.0484,93
A1173,2,5852.465279999999,49
A1175,5,8206.4512,70
A1176,12,35153.89372,8
A1178,18,31232.52226,16
A1179,4,5502.58,60
A1181,24,34749.90532,3
A1182,8,35388.9496,71
A1183,7,17771.127200000003,93
A1184,6,11401.837599999999,46
A1185,6,18247.67446,39
A1186,8,28148.064000000002,45
A1187,21,54722.5949,16
A1188,20,40443.9326,10
A1190,3,1910.5636,116
A1191,6,15310.34664,199
A1193,31,57752.79616,3
A1195,8,13945.30304,57
A1197,22,41307.66336,24
A1201,6,9731.762480000001,101
A1202,34,70342.40276,11
A1203,8,16503.0878,100
A1204,27,65256.28686,4
A1206,4,2593.3599999999997,109
A1208,18,39007.3104,17
A1209,2,16537.004,154
A1210,8,15371.51,24
A1211,6,37101.64976,31
A1212,25,64453.494920000005,18
A1214,20,48881.2292,8
A1215,27,85285.36232,11
A1216,20,53323.8265,14
A1217,6,23584.396,3
A1219,3,4020.73,25
A1221,20,50146.66152,3
A1223,3,4397.2326,53
A1225,21,60136.74264,15
A1226,29,61775.74948,25
A1227,5,17930.814,168
A1228,21,52355.741480000004,8
A1229,7,19937.95184,32
A1230,21,65056.84706,8
A1232,31,110238.74226,9
A1236,29,78803.30062,8
A1237,17,49579.05998,24
A1239,6,6082.0285,23
A1240,27,51353.08888,18
A1241,7,18990.98576,45
A1242,5,14423.0635,65
A1243,4,4892.71904,29
A1244,10,35659.34852,86
A1248,6,31329.03388,31
A1249,7,9057.98088,8
A1251,6,10160.737,16
A1252,6,10559.874,49
A1253,2,3806.14464,16
A1254,14,38727.35708,15
A1255,22,102867.18476,3
A1256,3,2989.502,49
A1257,22,72722.70544,11
A1258,6,6564.5712,77
A1260,19,63719.543600000005,8
A1261,4,10525.279,135
A1264,5,10611.437600000001,8
A1265,29,71655.36664000001,9
A1269,4,5199.5988,43
A1270,19,43859.18774,14
A1271,21,65816.76348000001,7
A1272,6,12106.569200000002,31
A1274,16,39185.4361,38
A1276,5,10745.356,58
A1277,19,44043.82588,0
A1278,26,52460.1695,10
A1279,6,7866.6900000000005,9
A1280,4,10883.27888,15
A1282,23,46057.67656,10
A1284,5,28782.923000000003,60
A1285,24,59488.77652,63
A1286,13,40314.20268,14
A1287,5,6397.16,37
A1288,4,10012.6808,130
A1289,2,4407.4448,183
A1290,24,71588.63436,11
A1291,5,18013.08736,32
A1292,18,32292.92294,17
A1293,7,16194.239999999998,59
A1295,6,12697.375680000001,107
A1296,7,11989.9835,36
A1297,19,42936.1003,4
A1299,17,64109.37866,18
A1300,7,9688.5624,101
A1301,4,3065.216,3
A1302,26,60816.6152,30
A1304,4,5566.52888,49
A1305,28,94804.80668,7
A1306,19,44567.07408,14
A1307,21,40869.73766,4
A1308,7,13664.1792,200
A1309,8,17129.67008,11
A1311,18,31142.709580000002,15
A1312,5,25463.680000000004,50
A1313,28,60998.45352,2
A1314,6,11023.272,109
A1316,32,114734.67826,3
A1318,3,8466.9376,155
A1319,17,78792.07518,30
A1320,18,42299.45148,17
A1323,22,68254.05436,4
A1325,6,7296.04864,39
A1326,9,15370.29204,80
A1329,22,49050.53236,4
A1330,1,1182.72,64
A1331,11,26471.42212,9
A1332,24,57166.59964,14
A1333,19,62289.82912,8
A1334,23,57892.47948,14
A1335,4,24483.14176,164
A1336,6,15468.3728,28
A1337,22,64254.30218,15
A1338,26,50933.96336,4
A1340,2,5464.799999999999,23
A1341,6,9831.58296,227
A1343,29,71994.45482,18
A1345,22,69913.0312,4
A1346,9,30877.3892,28
A1348,15,48766.882560000005,7
A1349,11,32199.81504,9
A1350,6,16114.828720000001,80
A1353,22,74414.3849,4
A1354,1,3142.825,57
A1357,20,61344.821840000004,63
A1358,16,37775.12612,18
A1359,4,12952.698000000002,57
A1360,26,60155.96338,4
A1361,7,11270.15496,10
A1362,21,41694.72108,3
A1363,6,17003.71056,29
A1365,2,4529.2984,25
A1366,4,3401.88,52
A1367,20,51307.23542,46
A1369,18,51725.55906,25
A1370,21,85824.56942,18
A1371,8,9370.4612,8
A1372,3,9588.876,218
A1373,3,5842.8447,8
A1374,6,30201.0328,14
A1375,4,5574.998,177
A1378,5,18686.14,135
A1381,25,57640.37092,15
A1382,7,16860.44658,3
A1384,5,19313.1092,109
A1385,7,7984.92612,17
A1386,4,8786.2984,57
A1387,19,65359.037879999996,17
A1388,23,103716.54568000001,4
A1390,27,63606.25464,18
A1395,4,8211.8784,126
A1397,9,30033.8864,35
A1401,8,16111.13964,9
A1402,5,8594.4996,77
A1403,14,42148.55378,43
A1406,23,61656.85936,3
A1407,9,10782.4556,37
A1408,14,20098.53202,7
A1409,15,62722.51392,7
A1410,24,79388.26931999999,16
A1411,6,11269.496,25
A1412,24,68096.20752,9
A1413,23,52738.79456,10
A1415,20,53019.496640000005,17
A1416,24,49938.383780000004,4
A1419,22,64257.845199999996,50
A1420,14,25054.18342,85
